video_name,frame,label,body_side,visibility,shoulder_x,shoulder_y,hip_x,hip_y,knee_x,knee_y,ankle_x,ankle_y
good_form_1.mp4,0,good,right,0.9888651669025421,0.3956892788410187,0.3005315065383911,0.3839315176010132,0.5275494456291199,0.39455723762512207,0.7070336937904358,0.3828859329223633,0.8864060640335083
good_form_1.mp4,1,good,right,0.9886537790298462,0.39584609866142273,0.3011667728424072,0.38233283162117004,0.5279440879821777,0.3961041271686554,0.707025408744812,0.3835350573062897,0.8865155577659607
good_form_1.mp4,2,good,right,0.9886256754398346,0.39737820625305176,0.3028016686439514,0.379892498254776,0.5279438495635986,0.4001697599887848,0.7060175538063049,0.3843190670013428,0.8867120146751404
good_form_1.mp4,3,good,right,0.988885834813118,0.4021240472793579,0.31180769205093384,0.3782525062561035,0.5335281491279602,0.40543270111083984,0.706257700920105,0.3844395875930786,0.889220118522644
good_form_1.mp4,4,good,right,0.9889397174119949,0.4065365493297577,0.32593727111816406,0.37471961975097656,0.5424601435661316,0.41108182072639465,0.7096011638641357,0.38443854451179504,0.8899286985397339
good_form_1.mp4,5,good,right,0.9895682632923126,0.4079419672489166,0.34111177921295166,0.3699636459350586,0.5554015040397644,0.41488873958587646,0.7154590487480164,0.384503036737442,0.8904587626457214
good_form_1.mp4,6,good,right,0.9902964383363724,0.40932992100715637,0.35763224959373474,0.365297794342041,0.570663332939148,0.420348197221756,0.7192986607551575,0.38538482785224915,0.891299843788147
good_form_1.mp4,7,good,right,0.9911060929298401,0.41098344326019287,0.379154771566391,0.3604220151901245,0.5859798789024353,0.4254028797149658,0.725761353969574,0.38536933064460754,0.8922272324562073
good_form_1.mp4,8,good,right,0.9917739480733871,0.4137720763683319,0.39426976442337036,0.35832837224006653,0.599433958530426,0.4288424551486969,0.7310550212860107,0.3853023052215576,0.8935601711273193
good_form_1.mp4,9,good,right,0.9924489110708237,0.4172598123550415,0.4224441647529602,0.3558149039745331,0.6193705201148987,0.4328962564468384,0.7332026362419128,0.3850330114364624,0.8953384757041931
good_form_1.mp4,10,good,right,0.9930121153593063,0.4183746576309204,0.44890454411506653,0.35423779487609863,0.6393471360206604,0.43772539496421814,0.7378392815589905,0.3850376605987549,0.8952203392982483
good_form_1.mp4,11,good,right,0.9932879358530045,0.4209987223148346,0.47351905703544617,0.35268619656562805,0.6538247466087341,0.44107726216316223,0.7416462302207947,0.38497447967529297,0.8950989246368408
good_form_1.mp4,12,good,right,0.9934445917606354,0.42470455169677734,0.49590060114860535,0.3529455363750458,0.6745036840438843,0.4439506530761719,0.7457398176193237,0.3849879801273346,0.8935002684593201
good_form_1.mp4,13,good,right,0.9934029132127762,0.425830215215683,0.5203834176063538,0.35196688771247864,0.6951636672019958,0.44461938738822937,0.7475040555000305,0.3846135139465332,0.8935390710830688
good_form_1.mp4,14,good,right,0.9936903715133667,0.42756617069244385,0.5390089154243469,0.3522160053253174,0.7101702690124512,0.44564691185951233,0.7490807771682739,0.3857068121433258,0.8928280472755432
good_form_1.mp4,15,good,right,0.9939372837543488,0.427651047706604,0.5541942119598389,0.35121580958366394,0.72404944896698,0.4468329846858978,0.7493829131126404,0.3867211639881134,0.8912352323532104
good_form_1.mp4,16,good,right,0.9940624535083771,0.43418237566947937,0.5752301812171936,0.3516416549682617,0.7356554865837097,0.44787654280662537,0.7496417760848999,0.3884666860103607,0.8911098837852478
good_form_1.mp4,17,good,right,0.9941599071025848,0.4411212205886841,0.5978298783302307,0.35339927673339844,0.7528519034385681,0.449255108833313,0.7545886039733887,0.3890783488750458,0.8911865949630737
good_form_1.mp4,18,good,right,0.9940595924854279,0.4415779411792755,0.606515109539032,0.3536876142024994,0.7666861414909363,0.44919729232788086,0.756537914276123,0.3889807462692261,0.8907884955406189
good_form_1.mp4,19,good,right,0.9939993470907211,0.43988266587257385,0.6143707633018494,0.3537173271179199,0.7788621187210083,0.4489024579524994,0.7566444873809814,0.3882354497909546,0.889846682548523
good_form_1.mp4,20,good,right,0.9938467144966125,0.4384583532810211,0.6163992881774902,0.3537791967391968,0.7809069156646729,0.44828876852989197,0.7557480931282043,0.3877682685852051,0.8887501955032349
good_form_1.mp4,21,good,right,0.9936177432537079,0.43807879090309143,0.6203609704971313,0.35371336340904236,0.7851256132125854,0.44839081168174744,0.7552204728126526,0.38771307468414307,0.88861083984375
good_form_1.mp4,22,good,right,0.9935060888528824,0.4380875527858734,0.6204091310501099,0.3539230525493622,0.7866190671920776,0.44905033707618713,0.7551239728927612,0.3879867494106293,0.8878383040428162
good_form_1.mp4,23,good,right,0.9933745414018631,0.4383472204208374,0.6192198991775513,0.35431066155433655,0.7867260575294495,0.44960543513298035,0.7551528811454773,0.388561874628067,0.887663722038269
good_form_1.mp4,24,good,right,0.9930554032325745,0.438620924949646,0.6158041954040527,0.3544985055923462,0.7841162085533142,0.44966408610343933,0.7550133466720581,0.3885210454463959,0.8878477811813354
good_form_1.mp4,25,good,right,0.9929162263870239,0.43841663002967834,0.6122183203697205,0.35456860065460205,0.7800809144973755,0.44965246319770813,0.7549000978469849,0.3885047435760498,0.8879489302635193
good_form_1.mp4,26,good,right,0.99293252825737,0.43924257159233093,0.6097071766853333,0.3546748161315918,0.7775282859802246,0.449489027261734,0.7549445033073425,0.38849058747291565,0.8878481984138489
good_form_1.mp4,27,good,right,0.9930123686790466,0.436838835477829,0.5966185331344604,0.35439661145210266,0.7582699060440063,0.4497275650501251,0.7546042203903198,0.3884628117084503,0.8878554105758667
good_form_1.mp4,28,good,right,0.9929835796356201,0.43545374274253845,0.5703656077384949,0.3545849621295929,0.737610936164856,0.4496707618236542,0.755061686038971,0.3894059360027313,0.8880895972251892
good_form_1.mp4,29,good,right,0.993254542350769,0.4310843050479889,0.5444490909576416,0.35459282994270325,0.7155320048332214,0.44940051436424255,0.7550202012062073,0.3893086612224579,0.888142466545105
good_form_1.mp4,30,good,right,0.9934812635183334,0.4291423559188843,0.5249651670455933,0.35496270656585693,0.6932682991027832,0.44866761565208435,0.7535035610198975,0.38967540860176086,0.8877094388008118
good_form_1.mp4,31,good,right,0.9936740100383759,0.4216189682483673,0.49214234948158264,0.3554518520832062,0.67242431640625,0.4477593004703522,0.7499536871910095,0.38965359330177307,0.887661874294281
good_form_1.mp4,32,good,right,0.9941259771585464,0.4184877872467041,0.4590223431587219,0.3558484613895416,0.649223268032074,0.44453105330467224,0.7488205432891846,0.3885989487171173,0.8904284834861755
good_form_1.mp4,33,good,right,0.994415670633316,0.41851744055747986,0.4299919009208679,0.35690537095069885,0.6243064999580383,0.43985071778297424,0.7451373934745789,0.38773810863494873,0.8908801078796387
good_form_1.mp4,34,good,right,0.9948950409889221,0.41764411330223083,0.4016014039516449,0.3609679937362671,0.6026394367218018,0.4346891939640045,0.7395454049110413,0.38677385449409485,0.8915168046951294
good_form_1.mp4,35,good,right,0.9952847808599472,0.41544243693351746,0.38083064556121826,0.3646390438079834,0.5823497176170349,0.4279751777648926,0.7318332195281982,0.3861365020275116,0.8937183022499084
good_form_1.mp4,36,good,right,0.9955465644598007,0.41283199191093445,0.3587629497051239,0.36584237217903137,0.5670356750488281,0.42327797412872314,0.7245134711265564,0.38566288352012634,0.8936713337898254
good_form_1.mp4,37,good,right,0.9956334233283997,0.4112241566181183,0.3368498980998993,0.36892950534820557,0.5527892708778381,0.4149468243122101,0.7175164222717285,0.3855014145374298,0.8935698866844177
good_form_1.mp4,38,good,right,0.9954475164413452,0.40902256965637207,0.32073262333869934,0.3758763372898102,0.542334794998169,0.40984800457954407,0.7114102244377136,0.3854002058506012,0.8916183114051819
good_form_1.mp4,39,good,right,0.9952930063009262,0.4082970917224884,0.3046785593032837,0.38229334354400635,0.534121572971344,0.4032895267009735,0.7080143690109253,0.38541343808174133,0.8915390968322754
good_form_1.mp4,40,good,right,0.9951459020376205,0.4070833921432495,0.30075034499168396,0.38540205359458923,0.5266109108924866,0.39768746495246887,0.7049663066864014,0.3849612772464752,0.8910495042800903
good_form_1.mp4,41,good,right,0.9947679489850998,0.40395835041999817,0.3021232485771179,0.3842115104198456,0.5297170281410217,0.3936751186847687,0.7033608555793762,0.38506290316581726,0.8903585076332092
good_form_1.mp4,42,good,right,0.9947533160448074,0.40282776951789856,0.30076414346694946,0.38640928268432617,0.5293592810630798,0.3915359675884247,0.7042331695556641,0.384944885969162,0.8900416493415833
good_form_1.mp4,43,good,right,0.9943075776100159,0.4023642838001251,0.30125558376312256,0.38816919922828674,0.5319818258285522,0.38961395621299744,0.7061318159103394,0.38485410809516907,0.8899088501930237
good_form_1.mp4,44,good,right,0.9937311261892319,0.4014350175857544,0.3024233281612396,0.3922562599182129,0.5341227054595947,0.3886687457561493,0.7068492770195007,0.3848276138305664,0.8881985545158386
good_form_1.mp4,45,good,right,0.9928847402334213,0.40097740292549133,0.30197378993034363,0.39345383644104004,0.5338227152824402,0.38832834362983704,0.7071225643157959,0.3844206631183624,0.8878692984580994
good_form_1.mp4,46,good,right,0.9921181499958038,0.40089574456214905,0.30141589045524597,0.3950551450252533,0.5343884229660034,0.38966336846351624,0.7072791457176208,0.38439056277275085,0.887775182723999
good_form_1.mp4,47,good,right,0.9914729297161102,0.4007062017917633,0.30127453804016113,0.3948237895965576,0.533675491809845,0.39054998755455017,0.7068814635276794,0.3843597173690796,0.8876312971115112
good_form_1.mp4,48,good,right,0.9910923540592194,0.4001271426677704,0.3008522689342499,0.3941875696182251,0.5330284833908081,0.3910822570323944,0.7056260704994202,0.38413920998573303,0.8874958157539368
good_form_1.mp4,49,good,right,0.9908181875944138,0.39984002709388733,0.3008846640586853,0.39347144961357117,0.5326834321022034,0.391250878572464,0.7048346996307373,0.3840891420841217,0.8872883319854736
good_form_1.mp4,50,good,right,0.9906543344259262,0.39942216873168945,0.30054593086242676,0.39303311705589294,0.5308520197868347,0.39123961329460144,0.7034252882003784,0.38385578989982605,0.8872584104537964
good_form_1.mp4,51,good,right,0.9904992282390594,0.3991316854953766,0.3006978929042816,0.39278745651245117,0.5307190418243408,0.39138147234916687,0.7021310329437256,0.3838552236557007,0.8871657848358154
good_form_1.mp4,52,good,right,0.990113154053688,0.39888516068458557,0.3000844419002533,0.39296138286590576,0.5306597352027893,0.3913280665874481,0.7022544145584106,0.3838464319705963,0.8871996402740479
good_form_1.mp4,53,good,right,0.9897964149713516,0.3986417353153229,0.3006473481655121,0.3923521935939789,0.531057596206665,0.39141884446144104,0.7026290893554688,0.3840048611164093,0.8873050808906555
good_form_1.mp4,54,good,right,0.9894012063741684,0.3985479772090912,0.3005458116531372,0.3923231065273285,0.5311130881309509,0.3914521634578705,0.7026652097702026,0.38393113017082214,0.887230634689331
good_form_1.mp4,55,good,right,0.9887498766183853,0.39822885394096375,0.300815612077713,0.3916564881801605,0.5312772393226624,0.39203080534935,0.7024211287498474,0.38397419452667236,0.8871819972991943
good_form_1.mp4,56,good,right,0.9881505072116852,0.39814868569374084,0.30098187923431396,0.39123257994651794,0.531048595905304,0.3935452699661255,0.702469527721405,0.3840291500091553,0.8872833847999573
good_form_1.mp4,57,good,right,0.9877003729343414,0.3982294499874115,0.30110347270965576,0.38839319348335266,0.5311362743377686,0.3961108922958374,0.7029791474342346,0.3840221166610718,0.8873642086982727
good_form_1.mp4,58,good,right,0.9873677492141724,0.39943554997444153,0.3025330901145935,0.3876292407512665,0.5316109657287598,0.40287813544273376,0.7035642266273499,0.38525018095970154,0.8867751359939575
good_form_1.mp4,59,good,right,0.9871100634336472,0.4020445644855499,0.3076253831386566,0.38515910506248474,0.5325099229812622,0.40625467896461487,0.7035880088806152,0.38533279299736023,0.8867814540863037
good_form_1.mp4,60,good,right,0.9875420331954956,0.4036320745944977,0.31742674112319946,0.37957218289375305,0.5386099815368652,0.4109288156032562,0.70844966173172,0.3853735625743866,0.8891338109970093
good_form_1.mp4,61,good,right,0.9878504127264023,0.4044431746006012,0.3324289917945862,0.3741414248943329,0.5503411889076233,0.41603878140449524,0.7127688527107239,0.385363906621933,0.8888149261474609
good_form_1.mp4,62,good,right,0.9884612113237381,0.4062739312648773,0.3514164090156555,0.36740824580192566,0.5633861422538757,0.42045342922210693,0.7173686027526855,0.3855231702327728,0.8887462615966797
good_form_1.mp4,63,good,right,0.9893651008605957,0.4084874391555786,0.3701927661895752,0.3632763922214508,0.5793653130531311,0.4257267415523529,0.723238468170166,0.3853093087673187,0.8895869255065918
good_form_1.mp4,64,good,right,0.9901194870471954,0.4110666811466217,0.387233704328537,0.36027756333351135,0.5943775773048401,0.43011096119880676,0.7292423248291016,0.38584157824516296,0.8896619081497192
good_form_1.mp4,65,good,right,0.9906682819128036,0.4148125648498535,0.41479629278182983,0.35832226276397705,0.6123019456863403,0.43459638953208923,0.732986569404602,0.38588520884513855,0.8903277516365051
good_form_1.mp4,66,good,right,0.9913689941167831,0.41871416568756104,0.4441573917865753,0.35667380690574646,0.6346126198768616,0.4380585849285126,0.7369839549064636,0.38606035709381104,0.8909529447555542
good_form_1.mp4,67,good,right,0.9918266534805298,0.41910943388938904,0.4660085439682007,0.35475900769233704,0.650805652141571,0.44088324904441833,0.7420281767845154,0.3859225809574127,0.8911771178245544
good_form_1.mp4,68,good,right,0.9919698685407639,0.42032381892204285,0.4895126223564148,0.3536902666091919,0.6694169044494629,0.44438037276268005,0.7466480135917664,0.3860723078250885,0.8912819623947144
good_form_1.mp4,69,good,right,0.9918499886989594,0.42293837666511536,0.5137975215911865,0.35367193818092346,0.6902180314064026,0.4467034637928009,0.7479072213172913,0.386161208152771,0.8912737965583801
good_form_1.mp4,70,good,right,0.991949126124382,0.4248230457305908,0.5366993546485901,0.35294172167778015,0.7107601761817932,0.4458039104938507,0.752213716506958,0.38596534729003906,0.8917495608329773
good_form_1.mp4,71,good,right,0.9922654777765274,0.42541444301605225,0.5514878034591675,0.35146793723106384,0.7242481112480164,0.44664880633354187,0.7503775358200073,0.38726866245269775,0.8916369676589966
good_form_1.mp4,72,good,right,0.9922884851694107,0.42688679695129395,0.5720883011817932,0.3502214252948761,0.7370837330818176,0.44751641154289246,0.7506197690963745,0.38812002539634705,0.8903975486755371
good_form_1.mp4,73,good,right,0.9925066977739334,0.4296201467514038,0.5917066931724548,0.3506159782409668,0.7503424882888794,0.4490426778793335,0.7511909604072571,0.38990962505340576,0.8906506896018982
good_form_1.mp4,74,good,right,0.9926903247833252,0.43210092186927795,0.6039872765541077,0.3509550988674164,0.7635130882263184,0.44847774505615234,0.7532104253768921,0.3898298442363739,0.8910703063011169
good_form_1.mp4,75,good,right,0.9926308691501617,0.4307492673397064,0.6121354699134827,0.35032185912132263,0.7735005021095276,0.447591096162796,0.7530867457389832,0.3886147737503052,0.888102114200592
good_form_1.mp4,76,good,right,0.992507740855217,0.43099403381347656,0.6204807162284851,0.3499806225299835,0.7798793315887451,0.4470994770526886,0.7552751898765564,0.386994332075119,0.8869796395301819
good_form_1.mp4,77,good,right,0.9926035404205322,0.4305051863193512,0.6220107078552246,0.34962379932403564,0.7836126685142517,0.44526270031929016,0.7552333474159241,0.38559651374816895,0.887030303478241
good_form_1.mp4,78,good,right,0.9926528632640839,0.43014273047447205,0.624406099319458,0.3497888743877411,0.7887557744979858,0.4450873136520386,0.7558100819587708,0.3856407105922699,0.887018084526062
good_form_1.mp4,79,good,right,0.992486909031868,0.4299263060092926,0.6258036494255066,0.349918931722641,0.7911805510520935,0.44496461749076843,0.7566046118736267,0.38566792011260986,0.8870548009872437
good_form_1.mp4,80,good,right,0.9924674481153488,0.42958465218544006,0.6227606534957886,0.34973564743995667,0.7883351445198059,0.44394275546073914,0.7565188407897949,0.3860515356063843,0.8871064782142639
good_form_1.mp4,81,good,right,0.9924875497817993,0.4286996126174927,0.6174718141555786,0.3494267761707306,0.7851573824882507,0.44392672181129456,0.7563033699989319,0.3859200179576874,0.8873433470726013
good_form_1.mp4,82,good,right,0.992519736289978,0.42824360728263855,0.6137080192565918,0.3490091860294342,0.7810912728309631,0.4437834322452545,0.755644679069519,0.38591858744621277,0.8870679140090942
good_form_1.mp4,83,good,right,0.9927263110876083,0.4274424612522125,0.6078636646270752,0.34774526953697205,0.7709372639656067,0.4435936212539673,0.7520577311515808,0.38604775071144104,0.8871082067489624
good_form_1.mp4,84,good,right,0.9928686022758484,0.4274289608001709,0.5949353575706482,0.34666678309440613,0.755489706993103,0.4435977041721344,0.7518597841262817,0.38727179169654846,0.8879885077476501
good_form_1.mp4,85,good,right,0.9929477423429489,0.4256397485733032,0.5726088881492615,0.3465489447116852,0.7367588877677917,0.4431922435760498,0.751864492893219,0.3878153860569,0.8896031975746155
good_form_1.mp4,86,good,right,0.9930233061313629,0.4235442578792572,0.5447109937667847,0.3464612662792206,0.7145801186561584,0.4428741931915283,0.7498887181282043,0.3878537714481354,0.8895989656448364
good_form_1.mp4,87,good,right,0.9931647628545761,0.4230675995349884,0.5284534692764282,0.346494197845459,0.6950503587722778,0.44217804074287415,0.7486312985420227,0.38748618960380554,0.8893267512321472
good_form_1.mp4,88,good,right,0.9934668391942978,0.4181499779224396,0.49572983384132385,0.34689247608184814,0.6726905107498169,0.4413706958293915,0.7451338768005371,0.38745737075805664,0.8892273306846619
good_form_1.mp4,89,good,right,0.9939880520105362,0.4154342710971832,0.46881362795829773,0.3481307923793793,0.6560909748077393,0.4398874044418335,0.7446041703224182,0.38734352588653564,0.8905764818191528
good_form_1.mp4,90,good,right,0.9944159090518951,0.41460204124450684,0.4375564455986023,0.350653737783432,0.6329928636550903,0.4377727806568146,0.7423843741416931,0.38722801208496094,0.890631377696991
good_form_1.mp4,91,good,right,0.994894951581955,0.41339561343193054,0.40680980682373047,0.3550102710723877,0.6059730648994446,0.432535320520401,0.7406851649284363,0.38545963168144226,0.8923823833465576
good_form_1.mp4,92,good,right,0.9953037798404694,0.4096642732620239,0.3868783712387085,0.356626957654953,0.587856113910675,0.4280344545841217,0.7306552529335022,0.38493311405181885,0.8928576111793518
good_form_1.mp4,93,good,right,0.9955848157405853,0.4077492654323578,0.367265909910202,0.35951244831085205,0.5724908113479614,0.4222505986690521,0.7274484038352966,0.38495978713035583,0.8936755657196045
good_form_1.mp4,94,good,right,0.9957389831542969,0.40476953983306885,0.34698718786239624,0.3635737895965576,0.5604203939437866,0.4168330729007721,0.7231850028038025,0.38492998480796814,0.8936901092529297
good_form_1.mp4,95,good,right,0.9955010861158371,0.40168121457099915,0.33112186193466187,0.36963191628456116,0.5490030646324158,0.4103933274745941,0.7140750885009766,0.38461706042289734,0.892549991607666
good_form_1.mp4,96,good,right,0.9945702850818634,0.40177807211875916,0.3157578706741333,0.37667787075042725,0.5407418608665466,0.40752020478248596,0.7139359712600708,0.38455021381378174,0.8924481272697449
good_form_1.mp4,97,good,right,0.9941281676292419,0.40071484446525574,0.3105684518814087,0.38006845116615295,0.5353189706802368,0.40239885449409485,0.7096824049949646,0.3845510482788086,0.8924387693405151
good_form_1.mp4,98,good,right,0.993891105055809,0.3997536897659302,0.3048800230026245,0.3824450969696045,0.5322914123535156,0.3993591070175171,0.7080614566802979,0.3845055401325226,0.8924323916435242
good_form_1.mp4,99,good,right,0.9935387969017029,0.39860376715660095,0.30332234501838684,0.3855708837509155,0.5337168574333191,0.3985704481601715,0.7087597846984863,0.38451042771339417,0.892138659954071
good_form_1.mp4,100,good,right,0.9930706471204758,0.3972637951374054,0.30205684900283813,0.3874680995941162,0.5345461964607239,0.39718174934387207,0.7079887390136719,0.3843695819377899,0.891267716884613
good_form_1.mp4,101,good,right,0.9919893145561218,0.39689186215400696,0.3032419979572296,0.39073845744132996,0.5351917147636414,0.3966503441333771,0.7086058259010315,0.3843138515949249,0.8901224732398987
good_form_1.mp4,102,good,right,0.9912891536951065,0.39725515246391296,0.302038311958313,0.39137566089630127,0.5356558561325073,0.39644157886505127,0.7077694535255432,0.38400352001190186,0.8899773955345154
good_form_1.mp4,103,good,right,0.990671381354332,0.3975714445114136,0.30076757073402405,0.39253631234169006,0.5349286794662476,0.3962508738040924,0.7073289155960083,0.3838531970977783,0.8900505304336548
good_form_1.mp4,104,good,right,0.9901138097047806,0.3976036012172699,0.30126726627349854,0.39285755157470703,0.535453736782074,0.3959496021270752,0.7067691683769226,0.38356566429138184,0.8900423645973206
good_form_1.mp4,105,good,right,0.9895681291818619,0.39756178855895996,0.3009568750858307,0.3923361003398895,0.5348352789878845,0.3960406482219696,0.7056595683097839,0.3834579288959503,0.8895056843757629
good_form_1.mp4,106,good,right,0.9893074631690979,0.3975122272968292,0.30143067240715027,0.3921142518520355,0.5346044898033142,0.39564236998558044,0.7055723667144775,0.38314536213874817,0.8894942998886108
good_form_1.mp4,107,good,right,0.98891282081604,0.3975754976272583,0.3012632727622986,0.3916386067867279,0.5337878465652466,0.39599743485450745,0.70425945520401,0.38299453258514404,0.8889175057411194
good_form_1.mp4,108,good,right,0.9887046366930008,0.3974592685699463,0.30174878239631653,0.3916754424571991,0.5343590378761292,0.3961733281612396,0.7044826745986938,0.3827191889286041,0.8888291120529175
good_form_1.mp4,109,good,right,0.988473430275917,0.39747026562690735,0.30163711309432983,0.391574501991272,0.5341111421585083,0.3963254392147064,0.7041023373603821,0.38266703486442566,0.8885471224784851
good_form_1.mp4,110,good,right,0.9883276671171188,0.3974306583404541,0.30052000284194946,0.3915455639362335,0.5336344838142395,0.39642438292503357,0.7041853666305542,0.3824683129787445,0.8887661695480347
good_form_1.mp4,111,good,right,0.9880063086748123,0.39744654297828674,0.29975664615631104,0.3915255069732666,0.5334205031394958,0.39651167392730713,0.7041334509849548,0.3823752701282501,0.8886058330535889
good_form_1.mp4,112,good,right,0.9875718206167221,0.39753270149230957,0.29966142773628235,0.3914467394351959,0.5321589112281799,0.39655134081840515,0.7040947079658508,0.38198697566986084,0.8881083726882935
good_form_1.mp4,113,good,right,0.9872612804174423,0.39815762639045715,0.2999214828014374,0.3911362886428833,0.5322368144989014,0.3969372510910034,0.704131007194519,0.3820097744464874,0.8885204792022705
good_form_1.mp4,114,good,right,0.986943244934082,0.3986237347126007,0.3001818358898163,0.39032408595085144,0.5323143601417542,0.397582083940506,0.704039990901947,0.3823663294315338,0.8885285258293152
good_form_1.mp4,115,good,right,0.9868919253349304,0.40121185779571533,0.3012297451496124,0.39021769165992737,0.5323793888092041,0.40027186274528503,0.704058051109314,0.38357141613960266,0.8877606391906738
good_form_1.mp4,116,good,right,0.986817479133606,0.4038265645503998,0.3045414686203003,0.38955068588256836,0.5324162244796753,0.4050213396549225,0.7045601606369019,0.3849423825740814,0.8874329924583435
good_form_1.mp4,117,good,right,0.9866964221000671,0.4061630666255951,0.3109213411808014,0.38472023606300354,0.5344025492668152,0.40764668583869934,0.7052609920501709,0.3852427899837494,0.887619137763977
good_form_1.mp4,118,good,right,0.9871411472558975,0.4074207544326782,0.32174745202064514,0.3782263696193695,0.5428225994110107,0.41236671805381775,0.7092980146408081,0.3851984441280365,0.8884108662605286
good_form_1.mp4,119,good,right,0.9875368773937225,0.4085178077220917,0.3338715136051178,0.37420904636383057,0.5517988204956055,0.4158075153827667,0.7143225073814392,0.3851524591445923,0.8885132074356079
good_form_1.mp4,120,good,right,0.9880921840667725,0.4096103012561798,0.3504370450973511,0.36812135577201843,0.5644700527191162,0.4196467399597168,0.7181858420372009,0.3851880729198456,0.8891335129737854
good_form_1.mp4,121,good,right,0.9889952689409256,0.41112372279167175,0.36826249957084656,0.3637137711048126,0.5792243480682373,0.4241393506526947,0.7228217720985413,0.38517311215400696,0.8901717066764832
good_form_1.mp4,122,good,right,0.9898626506328583,0.41196027398109436,0.3809938430786133,0.3614002466201782,0.5926188230514526,0.42948874831199646,0.7288063764572144,0.38555529713630676,0.8912095427513123
good_form_1.mp4,123,good,right,0.990593433380127,0.41264522075653076,0.4000701904296875,0.3587231934070587,0.6080062985420227,0.4321577250957489,0.7345566153526306,0.385434627532959,0.8923704624176025
good_form_1.mp4,124,good,right,0.9911821484565735,0.41647958755493164,0.4266045093536377,0.3579021692276001,0.6242655515670776,0.4366457164287567,0.7365992069244385,0.38625335693359375,0.8926724195480347
good_form_1.mp4,125,good,right,0.991779625415802,0.4173502027988434,0.45223692059516907,0.3559676706790924,0.6447791457176208,0.4401625096797943,0.7408984899520874,0.3863055408000946,0.8930014967918396
good_form_1.mp4,126,good,right,0.9922110885381699,0.418642520904541,0.47470125555992126,0.35513266921043396,0.6586009860038757,0.44287005066871643,0.7461410164833069,0.38638854026794434,0.8931009769439697
good_form_1.mp4,127,good,right,0.9920636862516403,0.421024352312088,0.49620723724365234,0.3564695417881012,0.6782178282737732,0.44650784134864807,0.7492256164550781,0.3876885175704956,0.8919014930725098
good_form_1.mp4,128,good,right,0.9917154759168625,0.42388591170310974,0.5157966017723083,0.3559361398220062,0.6956713795661926,0.447890967130661,0.7512832880020142,0.38816916942596436,0.8917937874794006
good_form_1.mp4,129,good,right,0.9919358640909195,0.42573437094688416,0.5335579514503479,0.35445424914360046,0.7133704423904419,0.4466829001903534,0.7549144625663757,0.38713356852531433,0.8928186893463135
good_form_1.mp4,130,good,right,0.9923301637172699,0.42452338337898254,0.5467934608459473,0.35189470648765564,0.7248246669769287,0.4469141662120819,0.7535765171051025,0.3895794451236725,0.890790581703186
good_form_1.mp4,131,good,right,0.9927529841661453,0.4243025481700897,0.5641458034515381,0.35005518794059753,0.7383003830909729,0.4465935230255127,0.7527008652687073,0.3902857005596161,0.8892002105712891
good_form_1.mp4,132,good,right,0.9929119050502777,0.4295307397842407,0.587144136428833,0.35078611969947815,0.7529383301734924,0.44884562492370605,0.7544373273849487,0.39040324091911316,0.8895304203033447
good_form_1.mp4,133,good,right,0.9929831624031067,0.4333897531032562,0.5986247658729553,0.3513396978378296,0.7644810080528259,0.44864240288734436,0.7580041289329529,0.3903339207172394,0.8901706337928772
good_form_1.mp4,134,good,right,0.9928347170352936,0.43360909819602966,0.6072307229042053,0.3517169654369354,0.7761462926864624,0.4482857882976532,0.7571573853492737,0.38919195532798767,0.8880717158317566
good_form_1.mp4,135,good,right,0.9929126501083374,0.4321725070476532,0.6109511256217957,0.3518047332763672,0.78085857629776,0.447994202375412,0.7567802667617798,0.38750216364860535,0.8881595730781555
good_form_1.mp4,136,good,right,0.992856353521347,0.43148744106292725,0.6151807308197021,0.3518099784851074,0.7866509556770325,0.44634222984313965,0.7563351392745972,0.3873848021030426,0.8879914879798889
good_form_1.mp4,137,good,right,0.9928724616765976,0.4309994876384735,0.616582453250885,0.3515114486217499,0.7885923981666565,0.4448985755443573,0.7560346126556396,0.3871922492980957,0.8880174160003662
good_form_1.mp4,138,good,right,0.9929168373346329,0.4298097789287567,0.6161189675331116,0.35130956768989563,0.7890011072158813,0.44419416785240173,0.7558168768882751,0.3866014778614044,0.8880622386932373
good_form_1.mp4,139,good,right,0.9929503500461578,0.4284854233264923,0.6141976118087769,0.351229190826416,0.788179337978363,0.4441659450531006,0.7551131844520569,0.3866117000579834,0.8884609937667847
good_form_1.mp4,140,good,right,0.9930224269628525,0.4258289039134979,0.6104862689971924,0.3499601185321808,0.7849978804588318,0.44240501523017883,0.7550005316734314,0.3866755962371826,0.8885089159011841
good_form_1.mp4,141,good,right,0.9930759370326996,0.42571938037872314,0.6070248484611511,0.3497300148010254,0.7817435264587402,0.44167664647102356,0.7539253830909729,0.38581669330596924,0.8887959122657776
good_form_1.mp4,142,good,right,0.9933511465787888,0.4265192747116089,0.606774628162384,0.3481043577194214,0.7716091871261597,0.44104865193367004,0.7517879009246826,0.38584116101264954,0.8888150453567505
good_form_1.mp4,143,good,right,0.9935015141963959,0.4240783154964447,0.5881380438804626,0.3456012010574341,0.7544858455657959,0.4409498870372772,0.7493003010749817,0.38645943999290466,0.889458417892456
good_form_1.mp4,144,good,right,0.9935492724180222,0.4236965477466583,0.5674126148223877,0.34578895568847656,0.736529529094696,0.44086405634880066,0.7484447360038757,0.38796091079711914,0.8898427486419678
good_form_1.mp4,145,good,right,0.9937494099140167,0.42232993245124817,0.5462712645530701,0.3455697298049927,0.7169309258460999,0.4407538175582886,0.7469400763511658,0.3879488408565521,0.8914754390716553
good_form_1.mp4,146,good,right,0.9935922622680664,0.4214688241481781,0.5214883089065552,0.34567534923553467,0.6969725489616394,0.44070401787757874,0.7456197142601013,0.387938529253006,0.8912432789802551
good_form_1.mp4,147,good,right,0.9939455389976501,0.4120195806026459,0.49045464396476746,0.3455033004283905,0.6710177063941956,0.4397813379764557,0.739327609539032,0.3878426253795624,0.8882949948310852
good_form_1.mp4,148,good,right,0.9943835437297821,0.41145870089530945,0.46817702054977417,0.34559908509254456,0.6521773338317871,0.4372495710849762,0.7396194934844971,0.3870569169521332,0.8899024724960327
good_form_1.mp4,149,good,right,0.9947598576545715,0.4111563265323639,0.43152081966400146,0.3475783169269562,0.6309918165206909,0.4358774721622467,0.7382395267486572,0.3870704174041748,0.8892413377761841
good_form_1.mp4,150,good,right,0.9951475709676743,0.4100813567638397,0.40944308042526245,0.350318044424057,0.6088249087333679,0.4325767457485199,0.7359699010848999,0.38659393787384033,0.8898947834968567
good_form_1.mp4,151,good,right,0.9954489916563034,0.40641167759895325,0.3820018470287323,0.3528258800506592,0.5872421860694885,0.4272746741771698,0.7275252342224121,0.38632670044898987,0.8899120688438416
good_form_1.mp4,152,good,right,0.9957363307476044,0.40511825680732727,0.36107221245765686,0.35660019516944885,0.5713005065917969,0.42041850090026855,0.7256060242652893,0.3860226571559906,0.8917505741119385
good_form_1.mp4,153,good,right,0.9958428889513016,0.40227994322776794,0.34307989478111267,0.3610793650150299,0.5594448447227478,0.4155718982219696,0.7221245169639587,0.38561955094337463,0.892903208732605
good_form_1.mp4,154,good,right,0.9957765340805054,0.3997601270675659,0.32913851737976074,0.36509302258491516,0.550094723701477,0.4101316034793854,0.7182847261428833,0.3850458860397339,0.8923186659812927
good_form_1.mp4,155,good,right,0.9955178797245026,0.39798930287361145,0.3150593340396881,0.37151527404785156,0.5402544736862183,0.40419113636016846,0.7143222689628601,0.3845045864582062,0.8917720913887024
good_form_1.mp4,156,good,right,0.9954163581132889,0.39853617548942566,0.3062320947647095,0.37565743923187256,0.5285766124725342,0.4003964960575104,0.7087975144386292,0.38438156247138977,0.8909515738487244
good_form_1.mp4,157,good,right,0.994819700717926,0.3987556993961334,0.3046172559261322,0.3774378001689911,0.527026891708374,0.3973245620727539,0.705904483795166,0.38425004482269287,0.8907787203788757
good_form_1.mp4,158,good,right,0.9943773150444031,0.3972621262073517,0.3035840690135956,0.380263090133667,0.5304081439971924,0.3963932693004608,0.7053866982460022,0.38425636291503906,0.8902246952056885
good_form_1.mp4,159,good,right,0.9939340204000473,0.3957838714122772,0.30022627115249634,0.38186657428741455,0.5309591889381409,0.39521947503089905,0.7066192030906677,0.38425910472869873,0.8902152180671692
good_form_1.mp4,160,good,right,0.9931699484586716,0.3948664665222168,0.30207687616348267,0.3831755220890045,0.5316346883773804,0.3942919969558716,0.7057875394821167,0.38426390290260315,0.8891207575798035
good_form_1.mp4,161,good,right,0.9924726188182831,0.3942950665950775,0.3023698329925537,0.38568389415740967,0.5349515080451965,0.39328837394714355,0.7065672874450684,0.3839139938354492,0.8890857696533203
good_form_1.mp4,162,good,right,0.9917901158332825,0.39404383301734924,0.3005136251449585,0.38869497179985046,0.5329795479774475,0.3923243582248688,0.707078218460083,0.38353052735328674,0.8890030384063721
good_form_1.mp4,163,good,right,0.9913553595542908,0.3939868211746216,0.30018743872642517,0.3898222744464874,0.5340471863746643,0.39156433939933777,0.7074684500694275,0.38353657722473145,0.8889514207839966
good_form_1.mp4,164,good,right,0.9905084818601608,0.3938857614994049,0.30019786953926086,0.38934242725372314,0.5336293578147888,0.3916809856891632,0.7074084877967834,0.38327550888061523,0.8886420726776123
good_form_1.mp4,165,good,right,0.9898167252540588,0.3938322365283966,0.2998623549938202,0.38926616311073303,0.5332460999488831,0.392061322927475,0.7068958878517151,0.3832419216632843,0.888087809085846
good_form_1.mp4,166,good,right,0.9893241822719574,0.39366719126701355,0.2996789813041687,0.38902926445007324,0.5325502157211304,0.39256641268730164,0.7058501243591309,0.38317540287971497,0.886944591999054
good_form_1.mp4,167,good,right,0.9890037029981613,0.39349183440208435,0.298687219619751,0.3887418508529663,0.5319187641143799,0.39289629459381104,0.7054681181907654,0.382677286863327,0.886913537979126
good_form_1.mp4,168,good,right,0.9883452951908112,0.3933846950531006,0.2983795404434204,0.38890302181243896,0.5304915308952332,0.39317116141319275,0.7050836086273193,0.38255175948143005,0.886914849281311
good_form_1.mp4,169,good,right,0.9879233986139297,0.39327481389045715,0.2987402081489563,0.3888852894306183,0.5300067067146301,0.39365053176879883,0.704978883266449,0.38255539536476135,0.8870882391929626
good_form_1.mp4,170,good,right,0.9874656200408936,0.3929762840270996,0.29927095770835876,0.38921859860420227,0.5299245119094849,0.39461037516593933,0.704515814781189,0.3824540674686432,0.886360228061676
good_form_1.mp4,171,good,right,0.9867152124643326,0.39299288392066956,0.2987144887447357,0.38942959904670715,0.5295618772506714,0.39544495940208435,0.7037599086761475,0.3825669586658478,0.8861561417579651
good_form_1.mp4,172,good,right,0.98610720038414,0.3931366205215454,0.2986534833908081,0.3896746337413788,0.5295295715332031,0.39617660641670227,0.7036645412445068,0.3827093839645386,0.8859432935714722
good_form_1.mp4,173,good,right,0.9855318069458008,0.3933941423892975,0.29851552844047546,0.38994133472442627,0.5293253660202026,0.3965246379375458,0.7036880254745483,0.3826844394207001,0.8859330415725708
good_form_1.mp4,174,good,right,0.9850653856992722,0.3939117193222046,0.2986283004283905,0.39084336161613464,0.5290461182594299,0.39712241291999817,0.7036430835723877,0.3827018737792969,0.8858707547187805
good_form_1.mp4,175,good,right,0.9842406213283539,0.39554718136787415,0.29863667488098145,0.39201483130455017,0.528904378414154,0.3988029658794403,0.7033278942108154,0.3829101324081421,0.8854994773864746
good_form_1.mp4,176,good,right,0.9835031479597092,0.39631426334381104,0.29873204231262207,0.39191994071006775,0.5289306640625,0.40049195289611816,0.7033721804618835,0.3830917775630951,0.8854184150695801
good_form_1.mp4,177,good,right,0.9832708090543747,0.39761093258857727,0.29883694648742676,0.3919384479522705,0.5289691686630249,0.40298736095428467,0.7033793330192566,0.3830965459346771,0.8854239583015442
good_form_1.mp4,178,good,right,0.9829188585281372,0.39888474345207214,0.29920560121536255,0.3918154239654541,0.528801441192627,0.4049372375011444,0.7033434510231018,0.3830927312374115,0.8852711319923401
good_form_1.mp4,179,good,right,0.9825215339660645,0.4012904167175293,0.30151745676994324,0.3905825614929199,0.5291140079498291,0.4065696895122528,0.703341543674469,0.38345059752464294,0.8851849436759949
good_form_1.mp4,180,good,right,0.982652097940445,0.4044228494167328,0.30707332491874695,0.38922539353370667,0.5322028994560242,0.40874814987182617,0.7043892741203308,0.3838692009449005,0.8851824998855591
good_form_1.mp4,181,good,right,0.9829561114311218,0.40726467967033386,0.31363245844841003,0.3863265812397003,0.5392737984657288,0.41028037667274475,0.7064254283905029,0.3840647041797638,0.8865872025489807
good_form_1.mp4,182,good,right,0.9835052192211151,0.4094356298446655,0.3242464065551758,0.3803417384624481,0.5479840040206909,0.4129377603530884,0.7106956243515015,0.38402804732322693,0.8874408006668091
good_form_1.mp4,183,good,right,0.9841187447309494,0.4118345081806183,0.33846721053123474,0.3757292926311493,0.557205319404602,0.4166649580001831,0.7150879502296448,0.38402259349823,0.8874302506446838
good_form_1.mp4,184,good,right,0.9848024249076843,0.41166484355926514,0.35702869296073914,0.36931005120277405,0.5700244307518005,0.4201792776584625,0.7207112312316895,0.3840268850326538,0.8880547881126404
good_form_1.mp4,185,good,right,0.9860298186540604,0.41256603598594666,0.3742927014827728,0.36439573764801025,0.5815733671188354,0.423452228307724,0.7246418595314026,0.38352763652801514,0.8899063467979431
good_form_1.mp4,186,good,right,0.9872368276119232,0.41499003767967224,0.3934532701969147,0.36082789301872253,0.5963883996009827,0.42876407504081726,0.7326918244361877,0.38375914096832275,0.8923800587654114
good_form_1.mp4,187,good,right,0.9883393794298172,0.4153297245502472,0.4097549021244049,0.35621178150177,0.6072617173194885,0.4322526454925537,0.7338988780975342,0.3837778568267822,0.8941226601600647
good_form_1.mp4,188,good,right,0.9893696457147598,0.41576632857322693,0.43406733870506287,0.35423508286476135,0.6294252872467041,0.4351614713668823,0.7373290657997131,0.38392582535743713,0.8942451477050781
good_form_1.mp4,189,good,right,0.9899301528930664,0.41627323627471924,0.45941615104675293,0.3526022434234619,0.6462410092353821,0.4377249479293823,0.7418931126594543,0.383836954832077,0.8941676616668701
good_form_1.mp4,190,good,right,0.9904511868953705,0.422461599111557,0.48175323009490967,0.35300979018211365,0.6642727851867676,0.4423382580280304,0.7461643815040588,0.3853168189525604,0.892996609210968
good_form_1.mp4,191,good,right,0.9909617751836777,0.42697274684906006,0.5038034319877625,0.3526438772678375,0.682939887046814,0.44428983330726624,0.7470327019691467,0.38524648547172546,0.8930472135543823
good_form_1.mp4,192,good,right,0.991429790854454,0.42980170249938965,0.5274659395217896,0.3521282374858856,0.7014308571815491,0.44564616680145264,0.7478685975074768,0.3852200508117676,0.8929181098937988
good_form_1.mp4,193,good,right,0.9917961657047272,0.4296155869960785,0.5421532392501831,0.3519633114337921,0.7167913913726807,0.4465465843677521,0.7482122778892517,0.3863779604434967,0.8924639821052551
good_form_1.mp4,194,good,right,0.9921684414148331,0.42796099185943604,0.550122857093811,0.35102578997612,0.7294010519981384,0.44727346301078796,0.7478213906288147,0.3891822397708893,0.8904585242271423
good_form_1.mp4,195,good,right,0.9925935119390488,0.43464455008506775,0.5776802897453308,0.3517700135707855,0.7460991740226746,0.4490806758403778,0.7519028186798096,0.389601469039917,0.8908127546310425
good_form_1.mp4,196,good,right,0.9927251785993576,0.4383111894130707,0.5907040238380432,0.3522458076477051,0.7606019377708435,0.44897976517677307,0.7561072707176208,0.38940176367759705,0.8908279538154602
good_form_1.mp4,197,good,right,0.9928185194730759,0.437270849943161,0.5944751501083374,0.3525567352771759,0.7673467993736267,0.44834282994270325,0.7549575567245483,0.3892990052700043,0.8877756595611572
good_form_1.mp4,198,good,right,0.9928468018770218,0.43590831756591797,0.5978624820709229,0.3527921736240387,0.7713713049888611,0.4486893117427826,0.7543362975120544,0.3875611126422882,0.8870074152946472
good_form_1.mp4,199,good,right,0.9928475171327591,0.43519076704978943,0.6007412075996399,0.3529355227947235,0.7741380333900452,0.4484334886074066,0.7530104517936707,0.38755345344543457,0.8852332830429077
good_form_1.mp4,200,good,right,0.9928686916828156,0.4347010552883148,0.6023704409599304,0.3530455529689789,0.7755609154701233,0.4484553635120392,0.7528648972511292,0.3875468075275421,0.8853762149810791
good_form_1.mp4,201,good,right,0.9927640706300735,0.4345920979976654,0.5992764830589294,0.3531145751476288,0.7753722667694092,0.44833335280418396,0.7524807453155518,0.38755202293395996,0.885481595993042
good_form_1.mp4,202,good,right,0.9926593005657196,0.4350367784500122,0.594520092010498,0.35313478112220764,0.7701239585876465,0.44819149374961853,0.7516497373580933,0.3879138231277466,0.8854591846466064
good_form_1.mp4,203,good,right,0.9924903213977814,0.4349433183670044,0.5904867649078369,0.3531974256038666,0.7662757039070129,0.4480935335159302,0.7514930963516235,0.3883313834667206,0.8847343325614929
good_form_1.mp4,204,good,right,0.9925125390291214,0.43446066975593567,0.5885147452354431,0.3521477282047272,0.7556925415992737,0.4481242597103119,0.750381350517273,0.3886365592479706,0.8840397000312805
good_form_1.mp4,205,good,right,0.9924491494894028,0.4325675964355469,0.5689038038253784,0.3522737920284271,0.7381768226623535,0.44851335883140564,0.7506771087646484,0.3898146450519562,0.8842101097106934
good_form_1.mp4,206,good,right,0.9926961809396744,0.43423154950141907,0.5481319427490234,0.353074312210083,0.7220184803009033,0.44847068190574646,0.7508976459503174,0.38983917236328125,0.8878532648086548
good_form_1.mp4,207,good,right,0.993040144443512,0.4328078031539917,0.5224797129631042,0.3531395196914673,0.6960341930389404,0.4472920596599579,0.7507728934288025,0.38968625664711,0.8880496025085449
good_form_1.mp4,208,good,right,0.9933701157569885,0.42455366253852844,0.48953977227211,0.35334813594818115,0.6707261204719543,0.446010559797287,0.7463364005088806,0.3896655738353729,0.8869335055351257
good_form_1.mp4,209,good,right,0.993781566619873,0.4218123257160187,0.4675253629684448,0.35400843620300293,0.6492918729782104,0.44132912158966064,0.7425331473350525,0.3871835768222809,0.8909684419631958
good_form_1.mp4,210,good,right,0.9941948354244232,0.42110705375671387,0.43782487511634827,0.35620248317718506,0.6281838417053223,0.43856167793273926,0.7423740029335022,0.3866538107395172,0.8912999629974365
good_form_1.mp4,211,good,right,0.9945497065782547,0.4188508689403534,0.40900731086730957,0.3581826984882355,0.6064397096633911,0.4352204501628876,0.7389412522315979,0.3856126070022583,0.8917147517204285
good_form_1.mp4,212,good,right,0.9948977082967758,0.4171677529811859,0.3862030506134033,0.3625994920730591,0.5871209502220154,0.43181487917900085,0.7304023504257202,0.38390278816223145,0.8941252827644348
good_form_1.mp4,213,good,right,0.9950680434703827,0.4150778353214264,0.36674177646636963,0.36420199275016785,0.5714136958122253,0.42502498626708984,0.7273128628730774,0.3839171230792999,0.8947945833206177
good_form_1.mp4,214,good,right,0.9952904731035233,0.4124925434589386,0.34383881092071533,0.36840248107910156,0.5559257864952087,0.4193740785121918,0.7221900224685669,0.3839991092681885,0.8946576714515686
good_form_1.mp4,215,good,right,0.9949849396944046,0.41068413853645325,0.33101245760917664,0.3723945915699005,0.5476508140563965,0.4144698679447174,0.7160179018974304,0.38409051299095154,0.8920063376426697
good_form_1.mp4,216,good,right,0.9946730136871338,0.40812981128692627,0.3171156346797943,0.3770986795425415,0.537735641002655,0.407726913690567,0.7137064337730408,0.38414931297302246,0.8910556435585022
good_form_1.mp4,217,good,right,0.9942330121994019,0.407027006149292,0.307328462600708,0.3830406665802002,0.532785177230835,0.4044380187988281,0.7089067101478577,0.3845658004283905,0.8908950686454773
good_form_1.mp4,218,good,right,0.993718147277832,0.40634310245513916,0.30437374114990234,0.38600417971611023,0.5257254242897034,0.4009551703929901,0.7049946784973145,0.384580135345459,0.8908351063728333
good_form_1.mp4,219,good,right,0.9934657365083694,0.40599605441093445,0.3055519163608551,0.3867839276790619,0.5271588563919067,0.3984670341014862,0.704729437828064,0.384914755821228,0.8906365633010864
good_form_1.mp4,220,good,right,0.9931172579526901,0.40519285202026367,0.30375343561172485,0.3876219689846039,0.5306447148323059,0.3954925239086151,0.7045088410377502,0.38484907150268555,0.8903058171272278
good_form_1.mp4,221,good,right,0.9928840696811676,0.40415945649147034,0.30086439847946167,0.38970717787742615,0.5322180986404419,0.3934597969055176,0.7054765224456787,0.384538859128952,0.8892197608947754
good_form_1.mp4,222,good,right,0.9921739101409912,0.4033687114715576,0.30204808712005615,0.3925243318080902,0.5332956910133362,0.3911456763744354,0.7061251997947693,0.3842255175113678,0.8880221247673035
good_form_1.mp4,223,good,right,0.9917650520801544,0.40313032269477844,0.30281540751457214,0.393033891916275,0.5322476625442505,0.3902396857738495,0.7054119110107422,0.38363397121429443,0.887600839138031
good_form_1.mp4,224,good,right,0.9914907068014145,0.4029780924320221,0.30180302262306213,0.39398321509361267,0.5319414734840393,0.390474796295166,0.7047668099403381,0.38355568051338196,0.887700617313385
good_form_1.mp4,225,good,right,0.9910212159156799,0.4025918245315552,0.30164703726768494,0.39352312684059143,0.5328196883201599,0.3917396366596222,0.7049553394317627,0.3835662305355072,0.8877004981040955
good_form_1.mp4,226,good,right,0.9907374382019043,0.40212154388427734,0.3005423843860626,0.3937216103076935,0.5326865315437317,0.39183855056762695,0.70439612865448,0.38327011466026306,0.8875084519386292
good_form_1.mp4,227,good,right,0.9906680583953857,0.401599645614624,0.30034691095352173,0.3931340277194977,0.5327084064483643,0.39195430278778076,0.7043936848640442,0.3832784593105316,0.8876475691795349
good_form_1.mp4,228,good,right,0.9902741461992264,0.40113016963005066,0.3000740110874176,0.3931094706058502,0.5312241315841675,0.39196905493736267,0.7040317058563232,0.38315609097480774,0.887737512588501
good_form_1.mp4,229,good,right,0.9897478371858597,0.40090373158454895,0.30109596252441406,0.39286985993385315,0.5313576459884644,0.3922475576400757,0.7041091918945312,0.38329946994781494,0.8878068327903748
good_form_1.mp4,230,good,right,0.9895561337471008,0.4009151756763458,0.301044225692749,0.3933681547641754,0.5316277742385864,0.3923737704753876,0.7042942643165588,0.38325557112693787,0.8880683183670044
good_form_1.mp4,231,good,right,0.9892969131469727,0.400954008102417,0.3010692298412323,0.39334145188331604,0.5311388373374939,0.39245519042015076,0.704171895980835,0.38325729966163635,0.8880569934844971
good_form_1.mp4,232,good,right,0.9892229288816452,0.40098974108695984,0.30088257789611816,0.39373794198036194,0.5313147306442261,0.39262115955352783,0.7043963074684143,0.38312914967536926,0.8881182670593262
good_form_1.mp4,233,good,right,0.9888395071029663,0.401031494140625,0.30098700523376465,0.39363154768943787,0.5313692688941956,0.39314043521881104,0.7040759325027466,0.3831261694431305,0.8870700597763062
good_form_1.mp4,234,good,right,0.9886814504861832,0.4013499915599823,0.3005989193916321,0.39355969429016113,0.5313509106636047,0.39507532119750977,0.7037708759307861,0.3830435276031494,0.8870726823806763
good_form_1.mp4,235,good,right,0.9886764734983444,0.4018808901309967,0.30003905296325684,0.39349934458732605,0.5314001441001892,0.3968902826309204,0.7042151093482971,0.38303396105766296,0.8876258134841919
good_form_1.mp4,236,good,right,0.9878866076469421,0.40271756052970886,0.30034032464027405,0.3933733403682709,0.5315379500389099,0.40054309368133545,0.7042650580406189,0.3833047151565552,0.8852181434631348
good_form_1.mp4,237,good,right,0.9876077771186829,0.40438663959503174,0.30130064487457275,0.39230409264564514,0.531561017036438,0.40428316593170166,0.7044476270675659,0.38384246826171875,0.8852798938751221
good_form_1.mp4,238,good,right,0.987664595246315,0.4063763916492462,0.3074375092983246,0.38982561230659485,0.5332046747207642,0.40735647082328796,0.7054343223571777,0.3840780556201935,0.8858398795127869
good_form_1.mp4,239,good,right,0.9876355528831482,0.4093313217163086,0.31363645195961,0.38668379187583923,0.537713348865509,0.4096817672252655,0.70798259973526,0.38419052958488464,0.8877506852149963
good_form_1.mp4,240,good,right,0.987842783331871,0.4130067527294159,0.3246828615665436,0.3808721601963043,0.5438998937606812,0.41335785388946533,0.7104575634002686,0.38406360149383545,0.8892473578453064
good_form_1.mp4,241,good,right,0.9880836009979248,0.4142622947692871,0.33975517749786377,0.37465739250183105,0.5552230477333069,0.41520169377326965,0.7138963341712952,0.3841520845890045,0.8889842629432678
good_form_1.mp4,242,good,right,0.9888919442892075,0.41412535309791565,0.35563427209854126,0.36725834012031555,0.5656456351280212,0.4195995032787323,0.7191819548606873,0.3845367133617401,0.889316201210022
good_form_1.mp4,243,good,right,0.9898599833250046,0.41585588455200195,0.3776096701622009,0.36263731122016907,0.5799345970153809,0.4249768555164337,0.725820779800415,0.38455724716186523,0.8910322785377502
good_form_1.mp4,244,good,right,0.990665853023529,0.41744744777679443,0.39319878816604614,0.35975947976112366,0.5937297940254211,0.4286876916885376,0.7303141951560974,0.38449826836586,0.8932309746742249
good_form_1.mp4,245,good,right,0.9913752377033234,0.41956737637519836,0.41077136993408203,0.3583686351776123,0.6084159016609192,0.43362197279930115,0.7337900996208191,0.3845798969268799,0.8942795991897583
good_form_1.mp4,246,good,right,0.9920634478330612,0.42036664485931396,0.42748844623565674,0.3557591438293457,0.6243793964385986,0.43651679158210754,0.7372450232505798,0.38479888439178467,0.8941992521286011
good_form_1.mp4,247,good,right,0.9925010800361633,0.4229753911495209,0.46038055419921875,0.3561122417449951,0.6453028917312622,0.43981924653053284,0.7435219883918762,0.38464805483818054,0.8942240476608276
good_form_1.mp4,248,good,right,0.9927653670310974,0.42551150918006897,0.480788916349411,0.3555583953857422,0.6608696579933167,0.443395733833313,0.7474680542945862,0.38540390133857727,0.8932029008865356
good_form_1.mp4,249,good,right,0.9928998798131943,0.42813369631767273,0.4989805221557617,0.3560548722743988,0.6763079166412354,0.44514504075050354,0.7492851614952087,0.38588789105415344,0.892368733882904
good_form_1.mp4,250,good,right,0.9926659762859344,0.42962563037872314,0.522617757320404,0.3546960651874542,0.6962735056877136,0.4451223611831665,0.7518615126609802,0.38539302349090576,0.8922511339187622
good_form_1.mp4,251,good,right,0.9928821623325348,0.4303096532821655,0.5440842509269714,0.353361576795578,0.7154366970062256,0.4459195137023926,0.7509667277336121,0.38583627343177795,0.8921692371368408
good_form_1.mp4,252,good,right,0.993282750248909,0.429428368806839,0.5521412491798401,0.35073503851890564,0.7241553068161011,0.4451746642589569,0.749926745891571,0.3862828016281128,0.8920472264289856
good_form_1.mp4,253,good,right,0.9935148656368256,0.42969152331352234,0.5710421204566956,0.350539892911911,0.7374728322029114,0.4468548595905304,0.7499076724052429,0.3870173990726471,0.8920391201972961
good_form_1.mp4,254,good,right,0.9937019199132919,0.4377007484436035,0.5895340442657471,0.3509560525417328,0.7515305876731873,0.4483729898929596,0.7528485059738159,0.38863715529441833,0.8918865919113159
good_form_1.mp4,255,good,right,0.9936022013425827,0.43851354718208313,0.6003275513648987,0.3516658544540405,0.7666944861412048,0.44774898886680603,0.7554882168769836,0.3886069357395172,0.8918476700782776
good_form_1.mp4,256,good,right,0.9935237020254135,0.43718159198760986,0.6046085953712463,0.3521505296230316,0.7725157737731934,0.44817206263542175,0.755219578742981,0.3876281678676605,0.8904116749763489
good_form_1.mp4,257,good,right,0.9933013617992401,0.4369827210903168,0.6095123887062073,0.35237738490104675,0.7810164093971252,0.4478916823863983,0.7548992037773132,0.38664743304252625,0.8902077674865723
good_form_1.mp4,258,good,right,0.9932460784912109,0.43642887473106384,0.61180579662323,0.3524002134799957,0.7832604646682739,0.4475975036621094,0.7546043395996094,0.3871684968471527,0.8898729681968689
good_form_1.mp4,259,good,right,0.9931084960699081,0.43605199456214905,0.6140499711036682,0.35254278779029846,0.7852570414543152,0.44737371802330017,0.754303514957428,0.3872816562652588,0.8895916938781738
good_form_1.mp4,260,good,right,0.9929112643003464,0.43595078587532043,0.6136959791183472,0.3525432050228119,0.7849996089935303,0.4472196102142334,0.7541356682777405,0.3874407708644867,0.8893981575965881
good_form_1.mp4,261,good,right,0.992880180478096,0.4354201555252075,0.6094739437103271,0.35260799527168274,0.783269464969635,0.44717609882354736,0.7538037896156311,0.3877318203449249,0.8892261385917664
good_form_1.mp4,262,good,right,0.9927302300930023,0.4352627098560333,0.6048042178153992,0.35245200991630554,0.7780028581619263,0.44702664017677307,0.7535258531570435,0.3879343271255493,0.8886532187461853
good_form_1.mp4,263,good,right,0.9928782135248184,0.4349837005138397,0.6028733849525452,0.35134193301200867,0.7672523260116577,0.4465952217578888,0.7533859014511108,0.3879411220550537,0.8885751366615295
good_form_1.mp4,264,good,right,0.9928413033485413,0.4330155551433563,0.5835413932800293,0.3509875535964966,0.7473780512809753,0.4465614855289459,0.7524108290672302,0.388586163520813,0.8887118101119995
good_form_1.mp4,265,good,right,0.9928393959999084,0.42989230155944824,0.5549431443214417,0.35103854537010193,0.7267940640449524,0.4464949369430542,0.7523314356803894,0.3901079595088959,0.8888583779335022
good_form_1.mp4,266,good,right,0.9931519478559494,0.42771270871162415,0.5301545858383179,0.35079070925712585,0.7049327492713928,0.44557568430900574,0.7504721283912659,0.39009177684783936,0.8888610601425171
good_form_1.mp4,267,good,right,0.9932852685451508,0.42342063784599304,0.5040082931518555,0.350423663854599,0.6793360114097595,0.44424381852149963,0.7456717491149902,0.3895910978317261,0.8879908323287964
good_form_1.mp4,268,good,right,0.9938222616910934,0.41831791400909424,0.47810980677604675,0.35010895133018494,0.6605404019355774,0.4415201246738434,0.7425431609153748,0.3870002329349518,0.8905694484710693
good_form_1.mp4,269,good,right,0.9942775964736938,0.41765233874320984,0.4466909170150757,0.3508043587207794,0.6373668909072876,0.43744421005249023,0.7418005466461182,0.38598111271858215,0.8906334042549133
good_form_1.mp4,270,good,right,0.9946351200342178,0.4185359477996826,0.4221784770488739,0.35279199481010437,0.6127749681472778,0.43339529633522034,0.7398234009742737,0.38501647114753723,0.8907673358917236
good_form_1.mp4,271,good,right,0.9950302690267563,0.4181731939315796,0.3983473479747772,0.3571547567844391,0.590874195098877,0.42964327335357666,0.7343356013298035,0.38435935974121094,0.8907285332679749
good_form_1.mp4,272,good,right,0.9954327642917633,0.41651153564453125,0.37402769923210144,0.35898053646087646,0.5702303647994995,0.42360854148864746,0.7280911803245544,0.38381409645080566,0.8928912878036499
good_form_1.mp4,273,good,right,0.9957675635814667,0.4129240810871124,0.35158610343933105,0.3609097898006439,0.5588560700416565,0.41587033867836,0.7252585887908936,0.38300636410713196,0.8929479122161865
good_form_1.mp4,274,good,right,0.9958050847053528,0.4102710485458374,0.33145540952682495,0.3669588565826416,0.5480557084083557,0.4099634885787964,0.7162932753562927,0.383084774017334,0.8929103016853333
good_form_1.mp4,275,good,right,0.9954077452421188,0.4087090492248535,0.3141936659812927,0.3742283880710602,0.5356352925300598,0.40580523014068604,0.7115042805671692,0.3831743896007538,0.8909929990768433
good_form_1.mp4,276,good,right,0.9948544204235077,0.4081229865550995,0.3070087432861328,0.3764270842075348,0.5305176377296448,0.4010014533996582,0.7098637223243713,0.38458383083343506,0.8904529213905334
good_form_1.mp4,277,good,right,0.9945472925901413,0.40643441677093506,0.3038623631000519,0.3788665533065796,0.5274707674980164,0.395863801240921,0.7043864130973816,0.3846655786037445,0.8881577849388123
good_form_1.mp4,278,good,right,0.9943787604570389,0.4056288003921509,0.3029695153236389,0.3807169198989868,0.5279192924499512,0.3928098678588867,0.7036869525909424,0.38433346152305603,0.8881873488426208
good_form_1.mp4,279,good,right,0.994301363825798,0.4052262604236603,0.3025558292865753,0.382220059633255,0.5289302468299866,0.39101147651672363,0.703481137752533,0.3837774991989136,0.8881531953811646
good_form_1.mp4,280,good,right,0.9942345023155212,0.4049016237258911,0.30189186334609985,0.3842860758304596,0.5311024188995361,0.38906869292259216,0.7041579484939575,0.3834874629974365,0.8873656988143921
good_form_1.mp4,281,good,right,0.993978276848793,0.4039313793182373,0.3014286458492279,0.38506725430488586,0.5301601886749268,0.3879031836986542,0.70328688621521,0.3831274211406708,0.8872604966163635
good_form_1.mp4,282,good,right,0.9939009249210358,0.40280768275260925,0.3027714490890503,0.3858606815338135,0.5297157764434814,0.38689470291137695,0.7031570672988892,0.38289669156074524,0.8872446417808533
good_form_1.mp4,283,good,right,0.9937444031238556,0.40242835879325867,0.3030390441417694,0.3855639398097992,0.529636561870575,0.38586005568504333,0.7037160396575928,0.3824920654296875,0.8863247036933899
good_form_1.mp4,284,good,right,0.9936861097812653,0.4019720256328583,0.30193474888801575,0.386644572019577,0.5303804874420166,0.38683024048805237,0.7034680247306824,0.3825047016143799,0.8864436745643616
good_form_1.mp4,285,good,right,0.993484303355217,0.4015895128250122,0.30118539929389954,0.38610219955444336,0.5291633009910583,0.3869067132472992,0.7036476731300354,0.38249316811561584,0.8863891363143921
good_form_1.mp4,286,good,right,0.9931850135326385,0.40132343769073486,0.30113911628723145,0.38733378052711487,0.5301083922386169,0.38771507143974304,0.7036846876144409,0.38259157538414,0.8873146772384644
good_form_1.mp4,287,good,right,0.992960587143898,0.40087881684303284,0.3008713126182556,0.3868841230869293,0.5296503305435181,0.3879861831665039,0.7036805748939514,0.38250109553337097,0.8873290419578552
good_form_1.mp4,288,good,right,0.9928766191005707,0.40075933933258057,0.30114686489105225,0.3873637020587921,0.5301770567893982,0.3881013095378876,0.7037383317947388,0.3825099766254425,0.8872340321540833
good_form_1.mp4,289,good,right,0.9926071017980576,0.4007015526294708,0.3009376525878906,0.38793590664863586,0.5304809808731079,0.3883000612258911,0.7037947773933411,0.38251474499702454,0.8873488306999207
good_form_1.mp4,290,good,right,0.9922832995653152,0.4007066488265991,0.30071738362312317,0.3891545832157135,0.5307164192199707,0.3885768949985504,0.7037942409515381,0.3824627101421356,0.8873830437660217
good_form_1.mp4,291,good,right,0.9917918890714645,0.4007231295108795,0.3006879687309265,0.3889412581920624,0.5305711627006531,0.3895498216152191,0.7036370635032654,0.38248324394226074,0.88735032081604
good_form_1.mp4,292,good,right,0.9913742542266846,0.4007521867752075,0.30006134510040283,0.3899093568325043,0.5301851034164429,0.3922075927257538,0.7033877968788147,0.3828361928462982,0.8870029449462891
good_form_1.mp4,293,good,right,0.9908963590860367,0.40132248401641846,0.3002457916736603,0.3902522027492523,0.5302695631980896,0.39410796761512756,0.7034766674041748,0.3828373849391937,0.8875561356544495
good_form_1.mp4,294,good,right,0.9900292307138443,0.40218889713287354,0.3005925416946411,0.3901054561138153,0.5301901698112488,0.3975946605205536,0.7034870982170105,0.383549302816391,0.8865017890930176
good_form_1.mp4,295,good,right,0.9896044284105301,0.40455445647239685,0.30228838324546814,0.39007237553596497,0.5302209258079529,0.4031839072704315,0.7034963965415955,0.3843483626842499,0.8864452838897705
good_form_1.mp4,296,good,right,0.9890490025281906,0.4089193642139435,0.308444082736969,0.3874861001968384,0.5308611392974854,0.4067895710468292,0.7034803032875061,0.38482996821403503,0.8864574432373047
good_form_1.mp4,297,good,right,0.9888622313737869,0.4112858772277832,0.3191780745983124,0.3818340599536896,0.5374410152435303,0.4101283848285675,0.7073193788528442,0.3847677409648895,0.8877002000808716
good_form_1.mp4,298,good,right,0.9892720878124237,0.414361834526062,0.331722617149353,0.3764548599720001,0.5485854148864746,0.4159209430217743,0.7133364081382751,0.3848033845424652,0.8893985748291016
good_form_1.mp4,299,good,right,0.9897694289684296,0.4157705008983612,0.34970512986183167,0.369569331407547,0.5646361112594604,0.4198143482208252,0.7182774543762207,0.3847818076610565,0.8898248076438904
good_form_1.mp4,300,good,right,0.9904283285140991,0.4179926812648773,0.37137091159820557,0.3648795783519745,0.5782595276832581,0.4256646931171417,0.7244101762771606,0.3846803605556488,0.8908803462982178
good_form_1.mp4,301,good,right,0.9910342991352081,0.4191882312297821,0.39308926463127136,0.36198651790618896,0.5947262048721313,0.42958226799964905,0.7296903133392334,0.38470128178596497,0.892017662525177
good_form_1.mp4,302,good,right,0.9916233122348785,0.4220943748950958,0.40637362003326416,0.3622736930847168,0.6081849336624146,0.435263067483902,0.7325522303581238,0.38491061329841614,0.8924331665039062
good_form_1.mp4,303,good,right,0.9922326803207397,0.4244273006916046,0.43431341648101807,0.3594345152378082,0.6288338303565979,0.43786168098449707,0.7375128865242004,0.38496461510658264,0.8928177952766418
good_form_1.mp4,304,good,right,0.9918635785579681,0.42776715755462646,0.46645882725715637,0.35867640376091003,0.6465577483177185,0.4408685863018036,0.7442009449005127,0.38482651114463806,0.8926519751548767
good_form_1.mp4,305,good,right,0.9919348508119583,0.4295814335346222,0.4872936010360718,0.3588777780532837,0.6647608876228333,0.44489455223083496,0.7497662901878357,0.38524195551872253,0.8920620083808899
good_form_1.mp4,306,good,right,0.9913588166236877,0.43033865094184875,0.5057108402252197,0.3584625720977783,0.6823588013648987,0.4485647976398468,0.7519940137863159,0.38587334752082825,0.8904614448547363
good_form_1.mp4,307,good,right,0.9911830723285675,0.43469634652137756,0.5306939482688904,0.35757219791412354,0.6993043422698975,0.448176771402359,0.7549842596054077,0.3852154016494751,0.8908944129943848
good_form_1.mp4,308,good,right,0.9912540167570114,0.4360734522342682,0.5494868159294128,0.35782989859580994,0.7142816185951233,0.4494425356388092,0.7549542784690857,0.38695064187049866,0.8907886147499084
good_form_1.mp4,309,good,right,0.9915245920419693,0.4371095895767212,0.5623031854629517,0.35641762614250183,0.7269163727760315,0.45028379559516907,0.7570958137512207,0.3874994218349457,0.890781819820404
good_form_1.mp4,310,good,right,0.9915277361869812,0.43868115544319153,0.5785123109817505,0.3564719259738922,0.7398144006729126,0.45209813117980957,0.7584294676780701,0.39013147354125977,0.8901536464691162
good_form_1.mp4,311,good,right,0.9918175637722015,0.441975474357605,0.5962383151054382,0.35683906078338623,0.7554513216018677,0.45157599449157715,0.761353611946106,0.3906848430633545,0.8903033137321472
good_form_1.mp4,312,good,right,0.991914376616478,0.4424045979976654,0.6053481698036194,0.3568780720233917,0.766572117805481,0.4527830183506012,0.7633162140846252,0.3906501233577728,0.8903108239173889
good_form_1.mp4,313,good,right,0.991775169968605,0.44179120659828186,0.607431173324585,0.35694757103919983,0.7709391117095947,0.4528299570083618,0.7643690705299377,0.38859716057777405,0.886521577835083
good_form_1.mp4,314,good,right,0.9914240688085556,0.4413129985332489,0.6086352467536926,0.3571002781391144,0.772773027420044,0.4530610144138336,0.7665022611618042,0.3883550465106964,0.8857136964797974
good_form_1.mp4,315,good,right,0.990683987736702,0.4413658678531647,0.6052630543708801,0.3589742183685303,0.7714359164237976,0.45440351963043213,0.7662716507911682,0.3884543478488922,0.8849058747291565
good_form_1.mp4,316,good,right,0.9907599985599518,0.4410395920276642,0.6005859971046448,0.3590839207172394,0.7653107643127441,0.4543567895889282,0.766006350517273,0.3888112008571625,0.8849408626556396
good_form_1.mp4,317,good,right,0.9903789013624191,0.4408978521823883,0.5942720770835876,0.359095960855484,0.7599195837974548,0.4543529450893402,0.7664532661437988,0.38912299275398254,0.8841454982757568
good_form_1.mp4,318,good,right,0.989669069647789,0.4393320083618164,0.5791023969650269,0.35873815417289734,0.7522363066673279,0.4540979564189911,0.7662335634231567,0.38916993141174316,0.884223997592926
good_form_1.mp4,319,good,right,0.9895396530628204,0.4393855035305023,0.5675594806671143,0.3587442934513092,0.7344903349876404,0.4540289640426636,0.7660282254219055,0.3891722857952118,0.8846991658210754
good_form_1.mp4,320,good,right,0.9899189621210098,0.43951594829559326,0.541951060295105,0.3593761920928955,0.7115631699562073,0.45365533232688904,0.763648271560669,0.3892000615596771,0.8849654197692871
good_form_1.mp4,321,good,right,0.9903006702661514,0.43823525309562683,0.520545244216919,0.36043187975883484,0.6879470348358154,0.4530014097690582,0.7583047151565552,0.3895167410373688,0.8850260972976685
good_form_1.mp4,322,good,right,0.9909339398145676,0.4370460510253906,0.49469029903411865,0.3616459369659424,0.6686238646507263,0.4506448209285736,0.7539817690849304,0.3896554708480835,0.8860882520675659
good_form_1.mp4,323,good,right,0.9915847033262253,0.4348713457584381,0.46769505739212036,0.3625274896621704,0.6468325853347778,0.4463682174682617,0.751365602016449,0.3883005380630493,0.8895728588104248
good_form_1.mp4,324,good,right,0.992004856467247,0.43169617652893066,0.4362829625606537,0.36401379108428955,0.622618556022644,0.4431956708431244,0.7459978461265564,0.38728806376457214,0.8911434412002563
good_form_1.mp4,325,good,right,0.9926378428936005,0.4297333061695099,0.40397414565086365,0.366315096616745,0.5955570340156555,0.43870171904563904,0.7407031655311584,0.38617202639579773,0.8923018574714661
good_form_1.mp4,326,good,right,0.9932695478200912,0.42897725105285645,0.3827361762523651,0.3698350191116333,0.5792262554168701,0.4325887858867645,0.7315947413444519,0.38531360030174255,0.8938471674919128
good_form_1.mp4,327,good,right,0.9937349110841751,0.42848679423332214,0.3616738021373749,0.37371277809143066,0.5643061399459839,0.4269489049911499,0.7280967235565186,0.3850480020046234,0.8942515254020691
good_form_1.mp4,328,good,right,0.9939505308866501,0.42655447125434875,0.3386496305465698,0.37978458404541016,0.5513508915901184,0.42091986536979675,0.7231522798538208,0.38508856296539307,0.8942199945449829
good_form_1.mp4,329,good,right,0.993866428732872,0.42500272393226624,0.32269513607025146,0.3872154653072357,0.542733907699585,0.4161566197872162,0.7173812389373779,0.38578352332115173,0.8917705416679382
good_form_1.mp4,330,good,right,0.993560791015625,0.42447003722190857,0.30795174837112427,0.3937227725982666,0.5334455966949463,0.4117680788040161,0.7142228484153748,0.38603273034095764,0.8909915685653687
good_form_1.mp4,331,good,right,0.9926393032073975,0.4235222637653351,0.3058224022388458,0.3982236683368683,0.5308115482330322,0.40753039717674255,0.708251416683197,0.3860541880130768,0.8903442025184631
good_form_1.mp4,332,good,right,0.9920459985733032,0.4228523075580597,0.3043351471424103,0.39767929911613464,0.5277368426322937,0.40456250309944153,0.7047321200370789,0.38615795969963074,0.8890616297721863
good_form_1.mp4,333,good,right,0.9916259795427322,0.4201953709125519,0.3028143346309662,0.39679548144340515,0.5292180180549622,0.40261757373809814,0.7056968212127686,0.38640618324279785,0.8887249827384949
good_form_1.mp4,334,good,right,0.9908615797758102,0.4196998178958893,0.3018868863582611,0.3983132541179657,0.529177725315094,0.40145787596702576,0.7050776481628418,0.38637638092041016,0.8883354663848877
good_form_1.mp4,335,good,right,0.9905262440443039,0.4176122844219208,0.30072417855262756,0.399947851896286,0.5290059447288513,0.4011366665363312,0.7065296173095703,0.3863869607448578,0.8880370259284973
good_form_1.mp4,336,good,right,0.9899806976318359,0.4176757037639618,0.30031657218933105,0.4033035933971405,0.5300514698028564,0.40118440985679626,0.7070679068565369,0.38638409972190857,0.887122631072998
good_form_1.mp4,337,good,right,0.9894912391901016,0.4175410568714142,0.2997175455093384,0.4058593809604645,0.531190037727356,0.4011421501636505,0.70753413438797,0.3861100375652313,0.8869921565055847
